1,Webサイト制作（サーバサイドⅠ）,Mon,3,4403
2,Webサイト制作（サーバサイドⅠ）,Mon,4,4403
3,IT検定対策,Tue,3,4301
4,外国語Ⅱ＆Ⅳ（英会話）,Wed,1,1305
5,外国語Ⅱ＆Ⅳ（英会話）,Wed,1,1308
6,外国語Ⅱ＆Ⅳ（英会話）,Wed,1,1307
7,外国語Ⅱ＆Ⅳ（英会話）,Wed,1,1306
8,ネットワーク基礎演習,Wed,2,3203
9,SHR_B,Wed,3,3203
10,データベース演習Ⅰ,Thu,3,1405
11,データベース演習Ⅰ,Thu,4,1405
12,スマートフォンアプリ開発演習Ⅰ,Fri,3,2501
13,スマートフォンアプリ開発演習Ⅰ,Fri,4,2501
14,Webサイト制作（サーバサイドⅠ）,Fri,3,3203
15,Webサイト制作（サーバサイドⅠ）,Fri,4,3203
16,スマートフォンアプリ開発演習Ⅰ,Tue,1,2501
17,スマートフォンアプリ開発演習Ⅰ,Tue,2,2501
18,ネットワーク基礎演習,Tue,3,4403
19,外国語Ⅱ＆Ⅳ（英会話）,Wed,1,1305
20,外国語Ⅱ＆Ⅳ（英会話）,Wed,1,1308
21,外国語Ⅱ＆Ⅳ（英会話）,Wed,1,1307
22,外国語Ⅱ＆Ⅳ（英会話）,Wed,1,1306
23,IT検定対策,Wed,2,1304
24,SHR_B,Wed,3,1304
25,データベース演習Ⅰ,Thu,3,3202
26,データベース演習Ⅰ,Thu,4,3202
27,外国語Ⅱ＆Ⅳ（英会話）,Mon,1,1305
28,外国語Ⅱ＆Ⅳ（英会話）,Mon,1,1307
29,外国語Ⅱ＆Ⅳ（英会話）,Mon,1,1308
30,外国語Ⅱ＆Ⅳ（英会話）,Mon,1,1306
31,就職対策Ⅰ,Mon,2,1304
32,ITシステム開発演習（SE）Ⅰ,Tue,1,2301
33,ITシステム開発演習（SE）Ⅰ,Tue,2,2301
34,Webサイト制作（サーバサイドⅠ）,Tue,3,4201
35,Webサイト制作（サーバサイドⅠ）,Tue,4,4201
36,データベース演習Ⅰ,Wed,1,2302
37,データベース演習Ⅰ,Wed,2,2302
38,ネットワーク基礎演習,Wed,3,2302
39,ITシステム開発演習（SE）Ⅰ,Fri,3,2301
40,ITシステム開発演習（SE）Ⅰ,Fri,4,2301
41,SHR_B,Fri,5,3201
42,外国語Ⅱ＆Ⅳ（英会話）,Mon,1,1305
43,外国語Ⅱ＆Ⅳ（英会話）,Mon,1,1307
44,外国語Ⅱ＆Ⅳ（英会話）,Mon,1,1308
45,外国語Ⅱ＆Ⅳ（英会話）,Mon,1,1306
46,ネットワーク基礎演習,Mon,2,3201
47,IT検定対策,Tue,3,4202
48,スマートフォンアプリ開発演習Ⅰ,Wed,1,2501
49,スマートフォンアプリ開発演習Ⅰ,Wed,2,2501
50,SHR_B,Wed,3,3202
51,データベース演習Ⅰ,Thu,1,3203
52,データベース演習Ⅰ,Thu,2,3203
53,Webサイト制作（サーバサイドⅠ）,Fri,3,1403
54,Webサイト制作（サーバサイドⅠ）,Fri,4,1403
55,外国語Ⅱ＆Ⅳ（英会話）,Mon,1,1305
56,外国語Ⅱ＆Ⅳ（英会話）,Mon,1,1307
57,外国語Ⅱ＆Ⅳ（英会話）,Mon,1,1308
58,外国語Ⅱ＆Ⅳ（英会話）,Mon,1,1306
59,ネットワーク基礎演習,Mon,2,3202
60,IT検定対策,Tue,3,4203
61,データベース演習Ⅰ,Wed,1,3401
62,データベース演習Ⅰ,Wed,2,3401
63,SHR_B,Wed,3,3401
64,スマートフォンアプリ開発演習Ⅰ,Thu,1,2501
65,スマートフォンアプリ開発演習Ⅰ,Thu,2,2501
66,Webサイト制作（サーバサイドⅠ）,Fri,3,3202
67,Webサイト制作（サーバサイドⅠ）,Fri,4,3202
68,Ciscoネットワーク演習Ⅱ,Mon,1,2301
69,Ciscoネットワーク演習Ⅱ,Mon,2,2301
70,ITシステム開発演習Ⅱ,Tue,1,4302
71,ITシステム開発演習Ⅱ,Tue,2,4302
72,UNIXサーバー構築演習Ⅱ,Tue,3,3502
73,UNIXサーバー構築演習Ⅱ,Tue,4,3502
74,SHR_B,Tue,5,3403
75,IoT制作演習Ⅰ,Wed,3,3601
76,IoT制作演習Ⅰ,Wed,4,3601
77,外国語Ⅱ＆Ⅳ（英会話）,Thu,1,1305
78,外国語Ⅱ＆Ⅳ（英会話）,Thu,1,1307
79,外国語Ⅱ＆Ⅳ（英会話）,Thu,1,1306
80,外国語Ⅱ＆Ⅳ（英会話）,Thu,1,4302
81,コンセプトワーク（IT）Ⅱ,Thu,2,4301
82,スマートフォンアプリ開発演習,Fri,1,2501
83,スマートフォンアプリ開発演習,Fri,2,2501
84,ITシステム開発演習Ⅱ,Fri,3,4302
85,ITシステム開発演習Ⅱ,Fri,4,4302
86,UNIXサーバー構築演習Ⅱ,Mon,3,2302
87,UNIXサーバー構築演習Ⅱ,Mon,4,2302
88,ITシステム開発演習Ⅱ,Tue,1,2302
89,ITシステム開発演習Ⅱ,Tue,2,2302
90,Ciscoネットワーク演習Ⅱ,Wed,1,2301
91,Ciscoネットワーク演習Ⅱ,Wed,2,2301
92,SHR_B,Wed,3,2301
93,外国語Ⅱ＆Ⅳ（英会話）,Thu,1,1305
94,外国語Ⅱ＆Ⅳ（英会話）,Thu,1,1307
95,外国語Ⅱ＆Ⅳ（英会話）,Thu,1,1306
96,外国語Ⅱ＆Ⅳ（英会話）,Thu,1,4302
97,コンセプトワーク（IT）Ⅱ,Thu,2,4302
98,スマートフォンアプリ開発演習,Thu,3,2501
99,スマートフォンアプリ開発演習,Thu,4,2501
100,IoT制作演習Ⅰ,Fri,1,3601
101,IoT制作演習Ⅰ,Fri,2,3601
102,ITシステム開発演習Ⅱ,Fri,3,2302
103,ITシステム開発演習Ⅱ,Fri,4,2302
104,IoT制作演習Ⅰ,Mon,1,3601
105,IoT制作演習Ⅰ,Mon,2,3601
106,スマートフォンアプリ開発演習,Mon,3,2501
107,スマートフォンアプリ開発演習,Mon,4,2501
108,ITシステム開発演習Ⅱ,Tue,1,2303
109,ITシステム開発演習Ⅱ,Tue,2,2303
110,コンセプトワーク（IT）Ⅱ,Wed,1,3203
111,外国語Ⅱ＆Ⅳ（英会話）,Wed,2,1305
112,外国語Ⅱ＆Ⅳ（英会話）,Wed,2,1307
113,外国語Ⅱ＆Ⅳ（英会話）,Wed,2,1308
114,外国語Ⅱ＆Ⅳ（英会話）,Wed,2,1306
115,SHR_B,Wed,3,1303
116,UNIXサーバー構築演習Ⅱ,Thu,1,3303
117,UNIXサーバー構築演習Ⅱ,Thu,2,3303
118,Ciscoネットワーク演習Ⅱ,Fri,1,2301
119,Ciscoネットワーク演習Ⅱ,Fri,2,2301
120,ITシステム開発演習Ⅱ,Fri,3,2303
121,ITシステム開発演習Ⅱ,Fri,4,2303
122,スマートフォンアプリ開発演習,Mon,1,2501
123,スマートフォンアプリ開発演習,Mon,2,2501
124,卒業制作演習（SE）,Mon,3,3501
125,SHR_B,Mon,4,3501
126,卒業制作演習（SE）,Tue,3,3501
127,卒業制作演習（SE）,Tue,4,3501
128,卒業制作演習（SE）,Wed,1,3501
129,卒業制作演習（SE）,Wed,2,3501
130,卒業制作演習（SE）,Wed,3,3501
131,卒業制作演習（SE）,Wed,4,3501
132,セキュリティ演習_B,Thu,1,4201
133,セキュリティ演習_B,Thu,2,4201
134,Ciscoネットワーク演習Ⅱ,Thu,3,2301
135,Ciscoネットワーク演習Ⅱ,Thu,4,2301
136,UNIXサーバー構築演習Ⅱ,Fri,1,3502
137,UNIXサーバー構築演習Ⅱ,Fri,2,3502
138,Ciscoネットワーク演習Ⅱ,Mon,3,2301
139,Ciscoネットワーク演習Ⅱ,Mon,4,2301
140,SHR_B,Mon,5,1303
141,ITシステム開発演習Ⅱ,Tue,1,4301
142,ITシステム開発演習Ⅱ,Tue,2,4301
143,スマートフォンアプリ開発演習,Tue,3,2501
144,スマートフォンアプリ開発演習,Tue,4,2501
145,外国語Ⅱ＆Ⅳ（英会話）,Wed,2,1305
146,外国語Ⅱ＆Ⅳ（英会話）,Wed,2,1307
147,外国語Ⅱ＆Ⅳ（英会話）,Wed,2,1308
148,外国語Ⅱ＆Ⅳ（英会話）,Wed,2,1306
149,UNIXサーバー構築演習Ⅱ,Wed,3,4201
150,UNIXサーバー構築演習Ⅱ,Wed,4,4201
151,コンセプトワーク（IT）Ⅱ,Thu,1,3302
152,就職対策Ⅰ,Thu,2,3302
153,IoT制作演習Ⅰ,Thu,3,3601
154,IoT制作演習Ⅰ,Thu,4,3601
155,ITシステム開発演習Ⅱ,Fri,3,4301
156,ITシステム開発演習Ⅱ,Fri,4,4301
157,IoT制作演習Ⅰ,Mon,1,3601
158,IoT制作演習Ⅰ,Mon,2,3601
159,スマートフォンアプリ開発演習,Mon,3,2501
160,スマートフォンアプリ開発演習,Mon,4,2501
161,就職対策Ⅰ,Tue,3,1304
162,コンセプトワーク（IT）Ⅱ,Wed,1,3203
163,外国語Ⅱ＆Ⅳ（英会話）,Wed,2,1305
164,外国語Ⅱ＆Ⅳ（英会話）,Wed,2,1307
165,外国語Ⅱ＆Ⅳ（英会話）,Wed,2,1308
166,外国語Ⅱ＆Ⅳ（英会話）,Wed,2,1306
167,SHR_B,Wed,3,1302
168,UNIXサーバー構築演習Ⅱ,Thu,1,3303
169,UNIXサーバー構築演習Ⅱ,Thu,2,3303
170,Ciscoネットワーク演習Ⅱ,Fri,1,2301
171,Ciscoネットワーク演習Ⅱ,Fri,2,2301
172,ITシステム開発演習Ⅱ,Fri,3,2303
173,ITシステム開発演習Ⅱ,Fri,4,2303
174,セキュリティ演習_B,Mon,1,1405
175,セキュリティ演習_B,Mon,2,1405
176,ITシステム開発演習Ⅳ,Tue,1,3501
177,ITシステム開発演習Ⅳ,Tue,2,3501
178,AWSクラウド演習Ⅱ,Wed,1,4403
179,AWSクラウド演習Ⅱ,Wed,2,4403
180,就職対策Ⅰ,Wed,3,4403
181,ITシステム開発演習Ⅳ,Thu,3,3501
182,ITシステム開発演習Ⅳ,Thu,4,3501
183,SHR_B,Thu,5,3403
184,AIシステム開発演習Ⅱ,Fri,1,3501
185,AIシステム開発演習Ⅱ,Fri,2,3501
186,就職対策Ⅰ,Mon,2,3203
187,セキュリティ演習_B,Mon,3,1405
188,セキュリティ演習_B,Mon,4,1405
189,ITシステム開発演習Ⅳ,Tue,1,3502
190,ITシステム開発演習Ⅳ,Tue,2,3502
191,AIシステム開発演習Ⅱ,Wed,1,2303
192,AIシステム開発演習Ⅱ,Wed,2,2303
193,SHR_B,Wed,3,2303
194,ITシステム開発演習Ⅳ,Thu,3,3502
195,ITシステム開発演習Ⅳ,Thu,4,3502
196,AWSクラウド演習Ⅱ,Fri,3,4403
197,AWSクラウド演習Ⅱ,Fri,4,4403
198,卒業制作演習（IT）,Mon,3,1203
199,卒業制作演習（IT）,Mon,4,1203
200,SHR_B,Mon,5,1304
201,卒業制作演習（IT）,Tue,1,1203
202,卒業制作演習（IT）,Tue,2,1203
203,卒業制作演習（IT）,Wed,1,1203
204,卒業制作演習（IT）,Wed,2,1203
205,卒業制作演習（IT）,Wed,3,1203
206,AWSクラウド演習Ⅱ,Thu,3,2302
207,AWSクラウド演習Ⅱ,Thu,4,2302
208,卒業制作演習（IT）,Fri,1,1203
209,卒業制作演習（IT）,Fri,2,1203
210,AWSクラウド演習Ⅱ,Mon,1,3502
211,AWSクラウド演習Ⅱ,Mon,2,3502
212,卒業制作演習（IT）,Mon,3,1206
213,卒業制作演習（IT）,Mon,4,1206
214,卒業制作演習（IT）,Tue,1,1206
215,卒業制作演習（IT）,Tue,2,1206
216,SHR_B,Tue,5,3203
217,卒業制作演習（IT）,Wed,1,1206
218,卒業制作演習（IT）,Wed,2,1206
219,卒業制作演習（IT）,Wed,3,1206
220,卒業制作演習（IT）,Fri,1,1206
221,卒業制作演習（IT）,Fri,2,1206
222,卒業制作演習（IT）,Mon,3,1201
223,卒業制作演習（IT）,Mon,4,1201
224,卒業制作演習（IT）,Tue,1,1201
225,卒業制作演習（IT）,Tue,2,1201
226,SHR_B,Tue,5,1304
227,卒業制作演習（IT）,Wed,1,1201
228,卒業制作演習（IT）,Wed,2,1201
229,卒業制作演習（IT）,Wed,3,1201
230,卒業制作演習（IT）,Fri,1,1201
231,卒業制作演習（IT）,Fri,2,1201
232,AIシステム開発演習Ⅱ,Fri,3,1404
233,AIシステム開発演習Ⅱ,Fri,4,1404
234,卒業制作演習（IT）,Mon,3,1202
235,卒業制作演習（IT）,Mon,4,1202
236,卒業制作演習（IT）,Tue,1,1202
237,卒業制作演習（IT）,Tue,2,1202
238,SHR_B,Tue,5,1303
239,卒業制作演習（IT）,Wed,1,1202
240,卒業制作演習（IT）,Wed,2,1202
241,卒業制作演習（IT）,Wed,3,1202
242,AIシステム開発演習Ⅱ,Wed,3,3201
243,AIシステム開発演習Ⅱ,Wed,4,3201
244,卒業制作演習（IT）,Fri,1,1202
245,卒業制作演習（IT）,Fri,2,1202
246,コンセプトワーク演習Ⅱ,Mon,1,2403
247,ビジュアルデザイン演習Ⅰ,Mon,2,2403
248,外国語Ⅱ＆Ⅳ（英会話）,Mon,3,1305
249,外国語Ⅱ＆Ⅳ（英会話）,Mon,3,1307
250,外国語Ⅱ＆Ⅳ（英会話）,Mon,3,1308
251,外国語Ⅱ＆Ⅳ（英会話）,Mon,3,1306
252,クリエイティブワーク演習Ⅱ,Tue,1,2403
253,クリエイティブワーク演習Ⅱ,Tue,2,2403
254,色彩構成Ⅱ,Tue,3,2403
255,映像コンテンツ制作演習,Tue,4,2403
256,JavaScript演習Ⅰ,Wed,1,2403
257,JavaScript演習Ⅰ,Wed,2,2403
258,Photoshop演習Ⅱ,Thu,1,2403
259,Illustrator演習Ⅱ,Thu,2,2403
260,Web設計演習Ⅰ,Thu,3,2403
261,HTML演習Ⅱ,Thu,4,2403
262,SHR_B,Thu,5,2403
263,チームプロジェクト演習Ⅰ,Fri,1,2302
264,チームプロジェクト演習Ⅰ,Fri,2,2302
265,アプリ開発演習Ⅰ,Mon,3,2403
266,アプリ開発演習Ⅰ,Mon,4,2403
267,外国語Ⅱ＆Ⅳ（英会話）,Tue,1,1305
268,外国語Ⅱ＆Ⅳ（英会話）,Tue,1,1307
269,外国語Ⅱ＆Ⅳ（英会話）,Tue,1,1308
270,外国語Ⅱ＆Ⅳ（英会話）,Tue,1,1306
271,就職対策Ⅰ,Tue,2,1302
272,チームプロジェクト演習Ⅲ,Tue,3,1302
273,SHR_B,Tue,4,1302
274,クリエイティブワーク演習Ⅳ,Wed,1,2404
275,クリエイティブワーク演習Ⅳ,Wed,2,2404
276,ビジュアルデザイン演習Ⅲ,Thu,1,2404
277,Webデザイントレーニング演習Ⅱ,Thu,2,2404
278,コンセプトワーク演習Ⅳ,Thu,3,2405
279,クリエイティブワーク演習Ⅳ,Thu,4,2405
280,チームプロジェクト演習Ⅲ,Fri,1,2403
281,チームプロジェクト演習Ⅲ,Fri,1,2404
282,チームプロジェクト演習Ⅲ,Fri,2,2403
283,チームプロジェクト演習Ⅲ,Fri,2,2404
284,就職ポートフォリオ制作演習（Web）,Fri,3,2403
285,就職ポートフォリオ制作演習（Web）,Fri,4,2403
286,メディアプロジェクト演習Ⅱ,Mon,1,2404
287,メディアプロジェクト演習Ⅱ,Mon,2,2404
288,卒業制作演習（Web）,Mon,3,2404
289,卒業制作演習（Web）,Mon,4,2404
290,卒業制作演習（Web）,Tue,3,2404
291,卒業制作演習（Web）,Tue,4,2404
292,Webゼミ演習Ⅱ,Wed,1,2405
293,Webゼミ演習Ⅱ,Wed,2,2405
294,メディアプロジェクト演習Ⅱ,Wed,3,2404
295,メディアプロジェクト演習Ⅱ,Wed,4,2404
296,卒業制作演習（Web）,Thu,3,2404
297,卒業制作演習（Web）,Thu,4,2404
298,チームプロジェクト演習Ⅳ,Fri,1,2303
299,チームプロジェクト演習Ⅳ,Fri,2,2303
300,コンセプトワーク演習Ⅵ,Fri,3,2404
301,SHR_B,Fri,4,2404
