Webサイト制作（サーバサイドⅠ）,Mon,3,4403
Webサイト制作（サーバサイドⅠ）,Mon,4,4403
IT検定対策,Tue,3,4301
外国語Ⅱ＆Ⅳ（英会話）,Wed,1,1305
外国語Ⅱ＆Ⅳ（英会話）,Wed,1,1308
外国語Ⅱ＆Ⅳ（英会話）,Wed,1,1307
外国語Ⅱ＆Ⅳ（英会話）,Wed,1,1306
ネットワーク基礎演習,Wed,2,3203
SHR_B,Wed,3,3203
データベース演習Ⅰ,Thu,3,1405
データベース演習Ⅰ,Thu,4,1405
スマートフォンアプリ開発演習Ⅰ,Fri,3,2501
スマートフォンアプリ開発演習Ⅰ,Fri,4,2501
Webサイト制作（サーバサイドⅠ）,Fri,3,3203
Webサイト制作（サーバサイドⅠ）,Fri,4,3203
スマートフォンアプリ開発演習Ⅰ,Tue,1,2501
スマートフォンアプリ開発演習Ⅰ,Tue,2,2501
ネットワーク基礎演習,Tue,3,4403
外国語Ⅱ＆Ⅳ（英会話）,Wed,1,1305
外国語Ⅱ＆Ⅳ（英会話）,Wed,1,1308
外国語Ⅱ＆Ⅳ（英会話）,Wed,1,1307
外国語Ⅱ＆Ⅳ（英会話）,Wed,1,1306
IT検定対策,Wed,2,1304
SHR_B,Wed,3,1304
データベース演習Ⅰ,Thu,3,3202
データベース演習Ⅰ,Thu,4,3202
外国語Ⅱ＆Ⅳ（英会話）,Mon,1,1305
外国語Ⅱ＆Ⅳ（英会話）,Mon,1,1307
外国語Ⅱ＆Ⅳ（英会話）,Mon,1,1308
外国語Ⅱ＆Ⅳ（英会話）,Mon,1,1306
就職対策Ⅰ,Mon,2,1304
ITシステム開発演習（SE）Ⅰ,Tue,1,2301
ITシステム開発演習（SE）Ⅰ,Tue,2,2301
Webサイト制作（サーバサイドⅠ）,Tue,3,4201
Webサイト制作（サーバサイドⅠ）,Tue,4,4201
データベース演習Ⅰ,Wed,1,2302
データベース演習Ⅰ,Wed,2,2302
ネットワーク基礎演習,Wed,3,2302
ITシステム開発演習（SE）Ⅰ,Fri,3,2301
ITシステム開発演習（SE）Ⅰ,Fri,4,2301
SHR_B,Fri,5,3201
外国語Ⅱ＆Ⅳ（英会話）,Mon,1,1305
外国語Ⅱ＆Ⅳ（英会話）,Mon,1,1307
外国語Ⅱ＆Ⅳ（英会話）,Mon,1,1308
外国語Ⅱ＆Ⅳ（英会話）,Mon,1,1306
ネットワーク基礎演習,Mon,2,3201
IT検定対策,Tue,3,4202
スマートフォンアプリ開発演習Ⅰ,Wed,1,2501
スマートフォンアプリ開発演習Ⅰ,Wed,2,2501
SHR_B,Wed,3,3202
データベース演習Ⅰ,Thu,1,3203
データベース演習Ⅰ,Thu,2,3203
Webサイト制作（サーバサイドⅠ）,Fri,3,1403
Webサイト制作（サーバサイドⅠ）,Fri,4,1403
外国語Ⅱ＆Ⅳ（英会話）,Mon,1,1305
外国語Ⅱ＆Ⅳ（英会話）,Mon,1,1307
外国語Ⅱ＆Ⅳ（英会話）,Mon,1,1308
外国語Ⅱ＆Ⅳ（英会話）,Mon,1,1306
ネットワーク基礎演習,Mon,2,3202
IT検定対策,Tue,3,4203
データベース演習Ⅰ,Wed,1,3401
データベース演習Ⅰ,Wed,2,3401
SHR_B,Wed,3,3401
スマートフォンアプリ開発演習Ⅰ,Thu,1,2501
スマートフォンアプリ開発演習Ⅰ,Thu,2,2501
Webサイト制作（サーバサイドⅠ）,Fri,3,3202
Webサイト制作（サーバサイドⅠ）,Fri,4,3202
Ciscoネットワーク演習Ⅱ,Mon,1,2301
Ciscoネットワーク演習Ⅱ,Mon,2,2301
ITシステム開発演習Ⅱ,Tue,1,4302
ITシステム開発演習Ⅱ,Tue,2,4302
UNIXサーバー構築演習Ⅱ,Tue,3,3502
UNIXサーバー構築演習Ⅱ,Tue,4,3502
SHR_B,Tue,5,3403
IoT制作演習Ⅰ,Wed,3,3601
IoT制作演習Ⅰ,Wed,4,3601
外国語Ⅱ＆Ⅳ（英会話）,Thu,1,1305
外国語Ⅱ＆Ⅳ（英会話）,Thu,1,1307
外国語Ⅱ＆Ⅳ（英会話）,Thu,1,1306
外国語Ⅱ＆Ⅳ（英会話）,Thu,1,4302
コンセプトワーク（IT）Ⅱ,Thu,2,4301
スマートフォンアプリ開発演習,Fri,1,2501
スマートフォンアプリ開発演習,Fri,2,2501
ITシステム開発演習Ⅱ,Fri,3,4302
ITシステム開発演習Ⅱ,Fri,4,4302
UNIXサーバー構築演習Ⅱ,Mon,3,2302
UNIXサーバー構築演習Ⅱ,Mon,4,2302
ITシステム開発演習Ⅱ,Tue,1,2302
ITシステム開発演習Ⅱ,Tue,2,2302
Ciscoネットワーク演習Ⅱ,Wed,1,2301
Ciscoネットワーク演習Ⅱ,Wed,2,2301
SHR_B,Wed,3,2301
外国語Ⅱ＆Ⅳ（英会話）,Thu,1,1305
外国語Ⅱ＆Ⅳ（英会話）,Thu,1,1307
外国語Ⅱ＆Ⅳ（英会話）,Thu,1,1306
外国語Ⅱ＆Ⅳ（英会話）,Thu,1,4302
コンセプトワーク（IT）Ⅱ,Thu,2,4302
スマートフォンアプリ開発演習,Thu,3,2501
スマートフォンアプリ開発演習,Thu,4,2501
IoT制作演習Ⅰ,Fri,1,3601
IoT制作演習Ⅰ,Fri,2,3601
ITシステム開発演習Ⅱ,Fri,3,2302
ITシステム開発演習Ⅱ,Fri,4,2302
IoT制作演習Ⅰ,Mon,1,3601
IoT制作演習Ⅰ,Mon,2,3601
スマートフォンアプリ開発演習,Mon,3,2501
スマートフォンアプリ開発演習,Mon,4,2501
ITシステム開発演習Ⅱ,Tue,1,2303
ITシステム開発演習Ⅱ,Tue,2,2303
コンセプトワーク（IT）Ⅱ,Wed,1,3203
外国語Ⅱ＆Ⅳ（英会話）,Wed,2,1305
外国語Ⅱ＆Ⅳ（英会話）,Wed,2,1307
外国語Ⅱ＆Ⅳ（英会話）,Wed,2,1308
外国語Ⅱ＆Ⅳ（英会話）,Wed,2,1306
SHR_B,Wed,3,1303
UNIXサーバー構築演習Ⅱ,Thu,1,3303
UNIXサーバー構築演習Ⅱ,Thu,2,3303
Ciscoネットワーク演習Ⅱ,Fri,1,2301
Ciscoネットワーク演習Ⅱ,Fri,2,2301
ITシステム開発演習Ⅱ,Fri,3,2303
ITシステム開発演習Ⅱ,Fri,4,2303
スマートフォンアプリ開発演習,Mon,1,2501
スマートフォンアプリ開発演習,Mon,2,2501
卒業制作演習（SE）,Mon,3,3501
SHR_B,Mon,4,3501
卒業制作演習（SE）,Tue,3,3501
卒業制作演習（SE）,Tue,4,3501
卒業制作演習（SE）,Wed,1,3501
卒業制作演習（SE）,Wed,2,3501
卒業制作演習（SE）,Wed,3,3501
卒業制作演習（SE）,Wed,4,3501
セキュリティ演習_B,Thu,1,4201
セキュリティ演習_B,Thu,2,4201
Ciscoネットワーク演習Ⅱ,Thu,3,2301
Ciscoネットワーク演習Ⅱ,Thu,4,2301
UNIXサーバー構築演習Ⅱ,Fri,1,3502
UNIXサーバー構築演習Ⅱ,Fri,2,3502
Ciscoネットワーク演習Ⅱ,Mon,3,2301
Ciscoネットワーク演習Ⅱ,Mon,4,2301
SHR_B,Mon,5,1303
ITシステム開発演習Ⅱ,Tue,1,4301
ITシステム開発演習Ⅱ,Tue,2,4301
スマートフォンアプリ開発演習,Tue,3,2501
スマートフォンアプリ開発演習,Tue,4,2501
外国語Ⅱ＆Ⅳ（英会話）,Wed,2,1305
外国語Ⅱ＆Ⅳ（英会話）,Wed,2,1307
外国語Ⅱ＆Ⅳ（英会話）,Wed,2,1308
外国語Ⅱ＆Ⅳ（英会話）,Wed,2,1306
UNIXサーバー構築演習Ⅱ,Wed,3,4201
UNIXサーバー構築演習Ⅱ,Wed,4,4201
コンセプトワーク（IT）Ⅱ,Thu,1,3302
就職対策Ⅰ,Thu,2,3302
IoT制作演習Ⅰ,Thu,3,3601
IoT制作演習Ⅰ,Thu,4,3601
ITシステム開発演習Ⅱ,Fri,3,4301
ITシステム開発演習Ⅱ,Fri,4,4301
IoT制作演習Ⅰ,Mon,1,3601
IoT制作演習Ⅰ,Mon,2,3601
スマートフォンアプリ開発演習,Mon,3,2501
スマートフォンアプリ開発演習,Mon,4,2501
就職対策Ⅰ,Tue,3,1304
コンセプトワーク（IT）Ⅱ,Wed,1,3203
外国語Ⅱ＆Ⅳ（英会話）,Wed,2,1305
外国語Ⅱ＆Ⅳ（英会話）,Wed,2,1307
外国語Ⅱ＆Ⅳ（英会話）,Wed,2,1308
外国語Ⅱ＆Ⅳ（英会話）,Wed,2,1306
SHR_B,Wed,3,1302
UNIXサーバー構築演習Ⅱ,Thu,1,3303
UNIXサーバー構築演習Ⅱ,Thu,2,3303
Ciscoネットワーク演習Ⅱ,Fri,1,2301
Ciscoネットワーク演習Ⅱ,Fri,2,2301
ITシステム開発演習Ⅱ,Fri,3,2303
ITシステム開発演習Ⅱ,Fri,4,2303
セキュリティ演習_B,Mon,1,1405
セキュリティ演習_B,Mon,2,1405
ITシステム開発演習Ⅳ,Tue,1,3501
ITシステム開発演習Ⅳ,Tue,2,3501
AWSクラウド演習Ⅱ,Wed,1,4403
AWSクラウド演習Ⅱ,Wed,2,4403
就職対策Ⅰ,Wed,3,4403
ITシステム開発演習Ⅳ,Thu,3,3501
ITシステム開発演習Ⅳ,Thu,4,3501
SHR_B,Thu,5,3403
AIシステム開発演習Ⅱ,Fri,1,3501
AIシステム開発演習Ⅱ,Fri,2,3501
就職対策Ⅰ,Mon,2,3203
セキュリティ演習_B,Mon,3,1405
セキュリティ演習_B,Mon,4,1405
ITシステム開発演習Ⅳ,Tue,1,3502
ITシステム開発演習Ⅳ,Tue,2,3502
AIシステム開発演習Ⅱ,Wed,1,2303
AIシステム開発演習Ⅱ,Wed,2,2303
SHR_B,Wed,3,2303
ITシステム開発演習Ⅳ,Thu,3,3502
ITシステム開発演習Ⅳ,Thu,4,3502
AWSクラウド演習Ⅱ,Fri,3,4403
AWSクラウド演習Ⅱ,Fri,4,4403
卒業制作演習（IT）,Mon,3,1203
卒業制作演習（IT）,Mon,4,1203
SHR_B,Mon,5,1304
卒業制作演習（IT）,Tue,1,1203
卒業制作演習（IT）,Tue,2,1203
卒業制作演習（IT）,Wed,1,1203
卒業制作演習（IT）,Wed,2,1203
卒業制作演習（IT）,Wed,3,1203
AWSクラウド演習Ⅱ,Thu,3,2302
AWSクラウド演習Ⅱ,Thu,4,2302
卒業制作演習（IT）,Fri,1,1203
卒業制作演習（IT）,Fri,2,1203
AWSクラウド演習Ⅱ,Mon,1,3502
AWSクラウド演習Ⅱ,Mon,2,3502
卒業制作演習（IT）,Mon,3,1206
卒業制作演習（IT）,Mon,4,1206
卒業制作演習（IT）,Tue,1,1206
卒業制作演習（IT）,Tue,2,1206
SHR_B,Tue,5,3203
卒業制作演習（IT）,Wed,1,1206
卒業制作演習（IT）,Wed,2,1206
卒業制作演習（IT）,Wed,3,1206
卒業制作演習（IT）,Fri,1,1206
卒業制作演習（IT）,Fri,2,1206
卒業制作演習（IT）,Mon,3,1201
卒業制作演習（IT）,Mon,4,1201
卒業制作演習（IT）,Tue,1,1201
卒業制作演習（IT）,Tue,2,1201
SHR_B,Tue,5,1304
卒業制作演習（IT）,Wed,1,1201
卒業制作演習（IT）,Wed,2,1201
卒業制作演習（IT）,Wed,3,1201
卒業制作演習（IT）,Fri,1,1201
卒業制作演習（IT）,Fri,2,1201
AIシステム開発演習Ⅱ,Fri,3,1404
AIシステム開発演習Ⅱ,Fri,4,1404
卒業制作演習（IT）,Mon,3,1202
卒業制作演習（IT）,Mon,4,1202
卒業制作演習（IT）,Tue,1,1202
卒業制作演習（IT）,Tue,2,1202
SHR_B,Tue,5,1303
卒業制作演習（IT）,Wed,1,1202
卒業制作演習（IT）,Wed,2,1202
卒業制作演習（IT）,Wed,3,1202
AIシステム開発演習Ⅱ,Wed,3,3201
AIシステム開発演習Ⅱ,Wed,4,3201
卒業制作演習（IT）,Fri,1,1202
卒業制作演習（IT）,Fri,2,1202
コンセプトワーク演習Ⅱ,Mon,1,2403
ビジュアルデザイン演習Ⅰ,Mon,2,2403
外国語Ⅱ＆Ⅳ（英会話）,Mon,3,1305
外国語Ⅱ＆Ⅳ（英会話）,Mon,3,1307
外国語Ⅱ＆Ⅳ（英会話）,Mon,3,1308
外国語Ⅱ＆Ⅳ（英会話）,Mon,3,1306
クリエイティブワーク演習Ⅱ,Tue,1,2403
クリエイティブワーク演習Ⅱ,Tue,2,2403
色彩構成Ⅱ,Tue,3,2403
映像コンテンツ制作演習,Tue,4,2403
JavaScript演習Ⅰ,Wed,1,2403
JavaScript演習Ⅰ,Wed,2,2403
Photoshop演習Ⅱ,Thu,1,2403
Illustrator演習Ⅱ,Thu,2,2403
Web設計演習Ⅰ,Thu,3,2403
HTML演習Ⅱ,Thu,4,2403
SHR_B,Thu,5,2403
チームプロジェクト演習Ⅰ,Fri,1,2302
チームプロジェクト演習Ⅰ,Fri,2,2302
アプリ開発演習Ⅰ,Mon,3,2403
アプリ開発演習Ⅰ,Mon,4,2403
外国語Ⅱ＆Ⅳ（英会話）,Tue,1,1305
外国語Ⅱ＆Ⅳ（英会話）,Tue,1,1307
外国語Ⅱ＆Ⅳ（英会話）,Tue,1,1308
外国語Ⅱ＆Ⅳ（英会話）,Tue,1,1306
就職対策Ⅰ,Tue,2,1302
チームプロジェクト演習Ⅲ,Tue,3,1302
SHR_B,Tue,4,1302
クリエイティブワーク演習Ⅳ,Wed,1,2404
クリエイティブワーク演習Ⅳ,Wed,2,2404
ビジュアルデザイン演習Ⅲ,Thu,1,2404
Webデザイントレーニング演習Ⅱ,Thu,2,2404
コンセプトワーク演習Ⅳ,Thu,3,2405
クリエイティブワーク演習Ⅳ,Thu,4,2405
チームプロジェクト演習Ⅲ,Fri,1,2403
チームプロジェクト演習Ⅲ,Fri,1,2404
チームプロジェクト演習Ⅲ,Fri,2,2403
チームプロジェクト演習Ⅲ,Fri,2,2404
就職ポートフォリオ制作演習（Web）,Fri,3,2403
就職ポートフォリオ制作演習（Web）,Fri,4,2403
メディアプロジェクト演習Ⅱ,Mon,1,2404
メディアプロジェクト演習Ⅱ,Mon,2,2404
卒業制作演習（Web）,Mon,3,2404
卒業制作演習（Web）,Mon,4,2404
卒業制作演習（Web）,Tue,3,2404
卒業制作演習（Web）,Tue,4,2404
Webゼミ演習Ⅱ,Wed,1,2405
Webゼミ演習Ⅱ,Wed,2,2405
メディアプロジェクト演習Ⅱ,Wed,3,2404
メディアプロジェクト演習Ⅱ,Wed,4,2404
卒業制作演習（Web）,Thu,3,2404
卒業制作演習（Web）,Thu,4,2404
チームプロジェクト演習Ⅳ,Fri,1,2303
チームプロジェクト演習Ⅳ,Fri,2,2303
コンセプトワーク演習Ⅵ,Fri,3,2404
SHR_B,Fri,4,2404
